id,name,model_id:id,group_id:id,perm_read,perm_write,perm_create,perm_unlink
access_zk_device_user,zk.device.user,model_zk_device,group_zk_attendance_user,1,0,0,0
access_zk_device_manager,zk.device.manager,model_zk_device,group_zk_attendance_manager,1,1,1,1
access_zk_user_mapping_user,zk.user.mapping.user,model_zk_user_mapping,group_zk_attendance_user,1,0,0,0
access_zk_user_mapping_manager,zk.user.mapping.manager,model_zk_user_mapping,group_zk_attendance_manager,1,1,1,1
access_zk_attendance_log_user,zk.attendance.log.user,model_zk_attendance_log,group_zk_attendance_user,1,0,0,0
access_zk_attendance_log_manager,zk.attendance.log.manager,model_zk_attendance_log,group_zk_attendance_manager,1,1,1,1
access_zk_device_command_user,zk.device.command.user,model_zk_device_command,group_zk_attendance_user,1,0,0,0
access_zk_device_command_manager,zk.device.command.manager,model_zk_device_command,group_zk_attendance_manager,1,1,1,1
access_zk_device_sync_wizard,zk.device.sync.wizard,model_zk_device_sync_wizard,group_zk_attendance_manager,1,1,1,1
